Female Category,Female Clothing,Male Category,Male Clothing
Arena Wars Retro Spacesuit Helmet,Red Retro Spacesuit Helmet,Air Racing Suit,Teal Adv Air Racing Helmet
Arena Wars Retro Spacesuit Helmet,Yellow Retro Spacesuit Helmet,Air Racing Suit,Yellow Adv Air Racing Helmet
Hats,Cherry Beret,Bandana,Black Paisley Tied
Hats,Tan Beret,Bandana,Camo Bandana
Hats,Gray Beret,Bandana,Green Bandana
Hats,Purple Beret,Bandana,Navy Bandana
Hats,Navy Beret,Bandana,Purple Bandana
Hats,White Beret,Bandana,Red Bandana
Hats,Black Beret,Bandana,White Paisley Bandana
Hats,Magenta Beret,Bandana,Yellow Bandana
Flight Helmets,Crosshatch Full Face Flight Helmet,Berets,Beige Garrison Cap
Flight Helmets,Dark Woodland Full Face Flight Helmet,Berets,Brown Digital Garrison Cap
Flight Helmets,Peach Digital Full Face Flight Helmet,Berets,Brushtroke Garrison Cap
Flight Helmets,Leopard Full Face Flight Helmet,Berets,Chocolate Garrison Cap
Flight Helmets,Gray Woodland Full Face Flight Helmet,Berets,Gray Garrison Cap
Flight Helmets,Brown Full Face Flight Helmet,Berets,Gray Leopard Garrison Cap
Flight Helmets,Fall Full Face Flight Helmet,Berets,Moss Garrison Cap
Flight Helmets,White Full Face Flight Helmet,Berets,Navy Garrison Cap
Flight Helmets,Tiger Full Face Flight Helmet,Berets,Red & Navy Garrison Cap
Flight Helmets,Pink Pattern Full Face Flight Helmet,Berets,Red Camo Garrison Cap
Flight Helmets,Brown Digital Full Face Flight Helmet,Berets,Red Garrison Cap
Flight Helmets,Moss Full Face Flight Helmet,Berets,White & Blue Garrison Cap
Flight Helmets,Black Full Face Flight Helmet,Berets,White & Gold Garrison Cap
Flight Helmets,Green Pattern Full Face Flight Helmet,Berets,White Camo Garrison Cap
Flight Helmets,Aqua Camo Full Face Flight Helmet,Berets,Zebra Garrison Cap
Military Caps,Aqua Camo Utility Cap,Berets,Aqua Camo Beret
Military Caps,Blue Digital Utility Cap,Berets,Blue Digital Beret
Military Caps,Brown Digital Utility Cap,Berets,Brown Digital Beret
Military Caps,Brushtroke Utility Cap,Berets,Brushstroke Beret
Military Caps,Chocolate Utility Cap,Berets,Chocolate Beret
Military Caps,Cobble Utility Cap,Berets,Cobble Beret
Military Caps,Contrast Camo Utility Cap,Berets,Contrast Camo Beret
Military Caps,Crosshatch Utility Cap,Berets,Crosshatch Beret
Military Caps,Dark Woodland Utility Cap,Berets,Dark Woodland Beret
Military Caps,Fall Utility Cap,Berets,Fall Beret
Military Caps,Flecktarn Utility Cap,Berets,Flecktarn Beret
Military Caps,Gray Digital Utility Cap,Berets,Gray Digital Beret
Military Caps,Gray Woodland Utility Cap,Berets,Gray Woodland Beret
Military Caps,Green Digital Utility Cap,Berets,Green Digital Beret
Military Caps,Ice Utility Cap,Berets,Ice Beret
Military Caps,Light Brown Utility Cap,Berets,Light Brown Beret
Military Caps,Light Woodland Utility Cap,Berets,Light Woodland Beret
Military Caps,Midnight Utility Cap,Berets,Midnight Beret
Military Caps,Moss Utility Cap,Berets,Moss Beret
Military Caps,Moss Digital Utility Cap,Berets,Moss Digital Beret
Military Caps,Olive Utility Cap,Berets,Olive Beret
Military Caps,Peach Camo Utility Cap,Berets,Peach Camo Beret
Military Caps,Peach Digital Utility Cap,Berets,Peach Digital Beret
Military Caps,Sand Utility Cap,Berets,Sand Beret
Military Caps,Slate Utility Cap,Berets,Slate Beret
Military Caps,Splinter Utility Cap,Berets,Splinter Beret
Bandana,Ox and Hatchets Tied,Biker Helmet,Ace of Spades Helmet
"Caps, Backward",Atomic Backwards Cap,"Caps, Forward",Atomic Forward Cap
"Caps, Backward",Auto Exotic Backwards Cap,"Caps, Forward",Auto Exotic Forward Cap
"Caps, Backward",Chepalle Backwards Cap,"Caps, Forward",Chepalle Forward Cap
"Caps, Backward",Cunning Stunts Backwards Cap,"Caps, Forward",Cunning Stunts Forward Cap
"Caps, Backward",Flash Backwards Cap,"Caps, Forward",Flash Forward Cap
"Caps, Backward",Fukaru Backwards Cap,"Caps, Forward",Fukaru Forward Cap
"Caps, Backward",Globe Oil Backwards Cap,"Caps, Forward",Globe Oil Forward Cap
"Caps, Backward",Grotti Backwards Cap,"Caps, Forward",Grotti Forward Cap
"Caps, Backward",Imponte Racing Backwards Cap,"Caps, Forward",Imponte Racing Forward Cap
"Caps, Backward",Lampadati Racing Backwards Cap,"Caps, Forward",Lampadati Racing Forward Cap
"Caps, Backward",LTD Backwards Cap,"Caps, Forward",LTD Forward Cap
"Caps, Backward",Nagasaki Moto Backwards Cap,"Caps, Forward",Nagasaki Moto Forward Cap
"Caps, Backward",Nagasaki Racing Backwards Cap,"Caps, Forward",Nagasaki Racing Forward Cap
"Caps, Backward",Patriot Backwards Cap,"Caps, Forward",Patriot Forward Cap
"Caps, Backward",Rebel Radio Backwards Cap,"Caps, Forward",Rebel Radio Forward Cap
"Caps, Backward",Red Hawk & Little Backwards Cap,"Caps, Forward",Red Hawk & Little Forward Cap
"Caps, Backward",Redwood Backwards Cap,"Caps, Forward",Redwood Forward Cap
"Caps, Backward",Scooter Brothers Backwards Cap,"Caps, Forward",Scooter Brothers Forward Cap
"Caps, Backward",The Mount Backwards Cap,"Caps, Forward",The Mount Forward Cap
"Caps, Backward",Total Ride Backwards Cap,"Caps, Forward",Total Ride Forward Cap
"Caps, Backward",Vapid Backwards Cap,"Caps, Forward",Vapid Forward Cap
"Caps, Backward",Xero Gas Backwards Cap,"Caps, Forward",Xero Gas Forward Cap
"Caps, Forward",Blue Digital Forward Cap,"Caps, Forward",Black Solid HALF Forward Cap
"Caps, Forward",Dark Woodland Forward Cap,"Caps, Forward",Blue Solid HALF Forward Cap
"Caps, Forward",Crosshatch Forward Cap,"Caps, Forward",Gray Solid HALF Forward Cap
"Caps, Forward",Brown Digital Forward Cap,"Caps, Forward",Green Adv Solid HALF Forward Cap
"Caps, Forward",Green Digital Forward Cap,"Caps, Forward",Orange Adv Solid HALF Forward Cap
"Caps, Forward",Peach Digital Forward Cap,"Caps, Forward",Pink Adv Solid HALF Forward Cap
"Caps, Forward",Gray Digital Forward Cap,"Caps, Forward",Purple Adv Solid HALF Forward Cap
"Caps, Forward",Fall Forward Cap,"Caps, Forward",Red Solid HALF Forward Cap
"Caps, Forward",Moss Digital Forward Cap,"Caps, Forward",Tan Solid HALF Forward Cap
"Caps, Forward",Gray Woodland Forward Cap,"Caps, Forward",White Solid HALF Forward Cap
Riot Helmets,Black Riot Helmet (Visor Down),"Caps, Forward",Blue Paramedic Hat
Riot Helmets,White Riot Helmet (Visor Down),"Caps, Forward",Green Paramedic Hat
Beanies,Rearwall Lime Beanie,Checkered,Beanie
Canvas Hats,Gray Plaid Canvas,Checkered,Canvas Hat
"Caps, Forward","247 Caps, Forward",Checkered,Backwards Cap
"Caps, Forward",Broker Fitted Cap,Checkered,Forward Cap
Flat Cap,Gray Plaid Flat,Checkered,Checkered Bucket Hat
Beanies,Black & Yellow Low Beanie,Combat Helmets,Aqua Camo Quad Lens (visor up)
Beanies,Black Low Beanie,Combat Helmets,Black Quad Lens (visor up)
Beanies,Gray Woodland Low Beanie,Combat Helmets,Brown Digital Quad Lens (visor up)
Beanies,Ash Low Beanie,Combat Helmets,Brown Quad Lens (visor up)
Beanies,Beige Houndstooth Low Beanie,Combat Helmets,Cobble Quad Lens (visor up)
Beanies,Green Houndstooth Low Beanie,Combat Helmets,Contrast Quad Lens (visor up)
Beanies,Brown Striped Low Beanie,Combat Helmets,Crosshatch Quad Lens (visor up)
Beanies,Rasta Trio Low Beanie,Combat Helmets,Dark Woodland Quad Lens (visor up)
Beanies,Blue Striped Low Beanie,Combat Helmets,Fall Quad Lens (visor up)
Beanies,Rasta Stripes Low Beanie,Combat Helmets,Gray Woodland Quad Lens (visor up)
Beanies,Stars & Stripes Low Beanie,Combat Helmets,Green Pattern Quad Lens (visor up)
Beanies,Light Woodland Low Beanie,Combat Helmets,Leopard Quad Lens (visor up)
Beanies,Charcoal Low Beanie,Combat Helmets,Moss Quad Lens (visor up)
Beanies,Tricolore Low Beanie,Combat Helmets,Peach Digital Quad Lens (visor up)
Beanies,Tiger Low Beanie,Combat Helmets,Pink Pattern Quad Lens (visor up)
Beanies,Blue & Yellow Low Beanie,Combat Helmets,Splinter Quad Lens (visor up)
Beanies,Aqua Camo Low Beanie,Combat Helmets,Tiger Quad Lens (visor up)
Beanies,White Low Beanie,Combat Helmets,White Quad Lens (visor up)
Combat Helmets,Aqua Camo Dual Lens (visor down),Combat Helmets,Aqua Camo Dual Lens (visor down)
Combat Helmets,Aqua Camo Quad Lens (visor down),Combat Helmets,Aqua Camo Quad Lens (visor down)
Combat Helmets,Black and Red Dual Lens (visor down),Combat Helmets,Black and Red Dual Lens (visor down)
Combat Helmets,Black and Red Quad Lens (visor down),Combat Helmets,Black and Red Quad Lens (visor down)
Combat Helmets,Black Dual Lens (visor down),Combat Helmets,Black Dual Lens (visor down)
Combat Helmets,Black Quad Lens (visor down),Combat Helmets,Black Quad Lens (visor down)
Combat Helmets,Brown Digital Dual Lens (visor down),Combat Helmets,Brown Digital Dual Lens (visor down)
Combat Helmets,Brown Digital Quad Lens (visor down),Combat Helmets,Brown Digital Quad Lens (visor down)
Combat Helmets,Brown Dual Lens (visor down),Combat Helmets,Brown Dual Lens (visor down)
Combat Helmets,Brown Quad Lens (visor down),Combat Helmets,Brown Quad Lens (visor down)
Combat Helmets,Brustroke Dual Lens (visor down),Combat Helmets,Brustroke Dual Lens (visor down)
Combat Helmets,Brustroke Quan Lens (visor down),Combat Helmets,Brustroke Quan Lens (visor down)
Combat Helmets,Cobble Dual Lens (visor down),Combat Helmets,Cobble Dual Lens (visor down)
Combat Helmets,Cobble Quad Lens (visor down),Combat Helmets,Cobble Quad Lens (visor down)
Combat Helmets,Contrast Dual Lens (visor down),Combat Helmets,Contrast Dual Lens (visor down)
Combat Helmets,Contrast Quad Lens (visor down),Combat Helmets,Contrast Quad Lens (visor down)
Combat Helmets,Crosshatch Dual Lens (visor down),Combat Helmets,Crosshatch Dual Lens (visor down)
Combat Helmets,Crosshatch Quad Lens (visor down),Combat Helmets,Crosshatch Quad Lens (visor down)
Combat Helmets,Dark Woodland Dual Lens (visor down),Combat Helmets,Dark Woodland Dual Lens (visor down)
Combat Helmets,Dark Woodland Quad Lens (visor down),Combat Helmets,Dark Woodland Quad Lens (visor down)
Combat Helmets,Fall Dual Lens (visor down),Combat Helmets,Fall Dual Lens (visor down)
Combat Helmets,Fall Quad Lens (visor down),Combat Helmets,Fall Quad Lens (visor down)
Combat Helmets,Flecktarn Dual Lens (visor down),Combat Helmets,Flecktarn Dual Lens (visor down)
Combat Helmets,Flecktarn Quad Lens (visor down),Combat Helmets,Flecktarn Quad Lens (visor down)
Combat Helmets,Gray Woodland Dual Lens (visor down),Combat Helmets,Gray Woodland Dual Lens (visor down)
Combat Helmets,Gray Woodland Quad Lens (visor down),Combat Helmets,Gray Woodland Quad Lens (visor down)
Combat Helmets,Green Pattern Dual Lens (visor down),Combat Helmets,Green Pattern Dual Lens (visor down)
Combat Helmets,Green Pattern Quad Lens (visor down),Combat Helmets,Green Pattern Quad Lens (visor down)
Combat Helmets,Leopard Dual Lens (visor down),Combat Helmets,Leopard Dual Lens (visor down)
Combat Helmets,Leopard Quad Lens (visor down),Combat Helmets,Leopard Quad Lens (visor down)
Combat Helmets,Moss Dual Lens (visor down),Combat Helmets,Moss Dual Lens (visor down)
Combat Helmets,Moss Quad Lens (visor down),Combat Helmets,Moss Quad Lens (visor down)
Combat Helmets,Peach Digital Dual Lens (visor down),Combat Helmets,Peach Digital Dual Lens (visor down)
Combat Helmets,Peach Digital Quad Lens (visor down),Combat Helmets,Peach Digital Quad Lens (visor down)
Combat Helmets,Pink Pattern Dual Lens (visor down),Combat Helmets,Pink Pattern Dual Lens (visor down)
Combat Helmets,Pink Pattern Quad Lens (visor down),Combat Helmets,Pink Pattern Quad Lens (visor down)
Combat Helmets,Splinter Dual Lens (visor down),Combat Helmets,Splinter Dual Lens (visor down)
Combat Helmets,Splinter Quad Lens (visor down),Combat Helmets,Splinter Quad Lens (visor down)
Combat Helmets,Tiger Dual Lens (visor down),Combat Helmets,Tiger Dual Lens (visor down)
Combat Helmets,Tiger Quad Lens (visor down),Combat Helmets,Tiger Quad Lens (visor down)
Combat Helmets,White Dual Lens (visor down),Combat Helmets,White Dual Lens (visor down)
Combat Helmets,White Quad Lens (visor down),Combat Helmets,White Quad Lens (visor down)
Combat Helmets,Zebra Dual Lens (visor down),Combat Helmets,Zebra Dual Lens (visor down)
Combat Helmets,Zebra Quad Lens (visor down),Combat Helmets,Zebra Quad Lens (visor down)
Labels,Civilist White Forwards Cap,Combat Helmets,Orange Adv Camo Advanced Combat Helmet
Labels,Civilist Orange Forwards Cap,Combat Helmets,Pink Adv Camo Advanced Combat Helmet
Labels,Civilist Black Forwards Cap,Combat Helmets,Purple Adv Camo Advanced Combat Helmet
Diamond Casino Hats,Black BC Broker Backwards Cap,Diamond Casino Hats,Black BC Broker Forward Cap
Diamond Casino Hats,Black Broker Backwards Cap,Diamond Casino Hats,Black Broker Forward Cap
Diamond Casino Hats,Black Backwards Cap,Diamond Casino Hats,Black Forward Cap
Diamond Casino Hats,Black LS Diamond Backwards Cap,Diamond Casino Hats,Black LS Diamond Forward Cap
Diamond Casino Hats,Black Skull Backwards Cap,Diamond Casino Hats,Black Skull Forward Cap
Diamond Casino Hats,Black The Diamond Backwards Cap,Diamond Casino Hats,Black The Diamond Forward Cap
Diamond Casino Hats,Blood Cross Backwards Cap,Diamond Casino Hats,Blood Cross Forward Cap
Diamond Casino Hats,Blue Digital Backwards Cap,Diamond Casino Hats,Blue Digital Forward Cap
Diamond Casino Hats,Blue LS Diamond Backwards Cap,Diamond Casino Hats,Blue LS Diamond Forward Cap
Diamond Casino Hats,Blue Wave Backwards Cap,Diamond Casino Hats,Blue Wave Forward Cap
Diamond Casino Hats,Brown Skull Backwards Cap,Diamond Casino Hats,Brown Skull Forward Cap
Diamond Casino Hats,Cobble Backwards Cap,Diamond Casino Hats,Cobble Forward Cap
Diamond Casino Hats,Colors Yeti Backwards Cap,Diamond Casino Hats,Colors Yeti Forward Cap
Diamond Casino Hats,Gray Camo Backwards Cap,Diamond Casino Hats,Gray Camo Forward Cap
Diamond Casino Hats,Gray Digital Backwards Cap,Diamond Casino Hats,Gray Digital Forward Cap
Diamond Casino Hats,Gray Backwards Cap,Diamond Casino Hats,Gray Forward Cap
Diamond Casino Hats,Gray Yeti Backwards Cap,Diamond Casino Hats,Gray Yeti Forward Cap
Diamond Casino Hats,Green Camo Backwards Cap,Diamond Casino Hats,Green Camo Forward Cap
Diamond Casino Hats,Green Flying Bravo Backwards Cap,Diamond Casino Hats,Green Flying Bravo Forward Cap
Diamond Casino Hats,Green Neon Backwards Cap,Diamond Casino Hats,Green Neon Forward Cap
Diamond Casino Hats,Green Snakeskin Backwards Cap,Diamond Casino Hats,Green Snakeskin Forward Cap
Diamond Casino Hats,Green The Diamond Backwards Cap,Diamond Casino Hats,Green The Diamond Forward Cap
Diamond Casino Hats,Light Gray Backwards Cap,Diamond Casino Hats,Light Gray Forward Cap
Diamond Casino Hats,Orange LS Diamond Backwards Cap,Diamond Casino Hats,Orange LS Diamond Forward Cap
Diamond Casino Hats,Orange The Diamond Backwards Cap,Diamond Casino Hats,Orange The Diamond Forward Cap
Diamond Casino Hats,Pink LS Diamond Backwards Cap,Diamond Casino Hats,Pink LS Diamond Forward Cap
Diamond Casino Hats,Purple Neon Backwards Cap,Diamond Casino Hats,Purple Neon Forward Cap
Diamond Casino Hats,Purple SC Broker Backwards Cap,Diamond Casino Hats,Purple SC Broker Forward Cap
Diamond Casino Hats,Purple Snakeskin Backwards Cap,Diamond Casino Hats,Purple Snakeskin Forward Cap
Diamond Casino Hats,Purple The Diamond Backwards Cap,Diamond Casino Hats,Purple The Diamond Forward Cap
Diamond Casino Hats,Red Flying Bravo Backwards Cap,Diamond Casino Hats,Red Flying Bravo Forward Cap
Diamond Casino Hats,Red Backwards Cap,Diamond Casino Hats,Red Forward Cap
Diamond Casino Hats,Red SC Broker Backwards Cap,Diamond Casino Hats,Red SC Broker Forward Cap
Diamond Casino Hats,Red The Diamond Backwards Cap,Diamond Casino Hats,Red The Diamond Forward Cap
Diamond Casino Hats,Smiley Backwards Cap,Diamond Casino Hats,Smiley Forward Cap
Diamond Casino Hats,Stars & Stripes Backwards Cap,Diamond Casino Hats,Stars & Stripes Forward Cap
Diamond Casino Hats,Teal Broker Backwards Cap,Diamond Casino Hats,Teal Broker Forward Cap
Diamond Casino Hats,Teal Backwards Cap,Diamond Casino Hats,Teal Forward Cap
Diamond Casino Hats,Teal SC Broker Backwards Cap,Diamond Casino Hats,Teal SC Broker Forward Cap
Diamond Casino Hats,Toothy Grin Backwards Cap,Diamond Casino Hats,Toothy Grin Forward Cap
Diamond Casino Hats,White Broker Backwards Cap,Diamond Casino Hats,White Broker Forward Cap
Diamond Casino Hats,White LS Diamond Backwards Cap,Diamond Casino Hats,White LS Diamond Forward Cap
Diamond Casino Hats,White SC Broker Backwards Cap,Diamond Casino Hats,White SC Broker Forward Cap
Diamond Casino Hats,White The Diamond Backwards Cap,Diamond Casino Hats,White The Diamond Forward Cap
Diamond Casino Hats,Wolf Backwards Cap,Diamond Casino Hats,Wolf Forward Cap
Diamond Casino Hats,Woodland Yeti Backwards Cap,Diamond Casino Hats,Woodland Yeti Forward Cap
Ear Defenders,Blue Ear Defenders,Ear Defenders,Black Ear Defenders
Ear Defenders,Magenta Ear Defenders,Ear Defenders,Blue Ear Defenders
Ear Defenders,Desert Camo Ear Defenders,Ear Defenders,Desert Camo Ear Defenders
Ear Defenders,Pale Blue Ear Defenders,Ear Defenders,Gray Ear Defenders
Ear Defenders,Green Ear Defenders,Ear Defenders,Green Ear Defenders
Ear Defenders,Red Ear Defenders,Ear Defenders,Red Ear Defenders
Ear Defenders,Orange Ear Defenders,Ear Defenders,White Ear Defenders
Ear Defenders,Yellow Ear Defenders,Ear Defenders,Yellow Ear Defenders
Beanies,Black Saggy Beanie,Fedoras,Black Fedora
Beanies,Hawaiian Snow Saggy Beanie,Fedoras,Green Fedora
Beanies,Yeti Saggy Beanie,Fedoras,Navy Fedora
Securoserv,Securoserv Forward Cap,Fedoras,Blue Check Suit Fedora
Combat Helmets,Black Combat Helmet,Flight Helmets,Green Adv Flight Helmet
Combat Helmets,Medic Combat Helmet,Flight Helmets,Orange Adv Flight Helmet
Combat Helmets,Tan Digital Combat Helmet,Flight Helmets,Pink Adv Flight Helmet
Combat Helmets,Gray Woodland Combat Helmet,Flight Helmets,Purple Adv Flight Helmet
Combat Helmets,Zebra Dual Lense Helmet,Flight Helmets,Zebra Flight Helmet
Helmets,Glossy Black Off-Road,Flight Suit,Black Flight Helmet
Biker Helmet,Black Spiked,Hats,Black Tied Bandana Hat
"Caps, Backwards",Nagasaki Backwards Cap,Hats,Nagasaki Forward Cap
"Caps, Forward","Adversary Forward Caps (Pink, White, Green, Blue, Etc)",Hats,Adversary Forward Caps (Equal Themselves)
Hats,Orange Sweatbox Forward Cap,Hats,Orange Sweatbox Forward Cap
Inch by Inch Adv,Orange Solid Sports Forward Cap,Hats,Orange Solid Sports Forward Cap
Inch by Inch Adv,Purple Solid Sports Forward Cap,Hats,Purple Solid Sports Forward Cap
Unknown Components,Unknown Components,Hats,Purple Snakeskin Backwards Diamond Casino Heist Hat
Headphones,Red Headphones,Headphones,Red Headphones
Bulletproof Helmets,"Adversary Bulletproof Helmets (Pink, White, Green, Blue, Etc)",Helmets,Adversary Bulletproof Helmets (Equal Themselves)
Diamond Casino Heist Hats,Black Forwards Cap,Helmets,NOOSE Helmet
Labels,Civilist Black Backwards Cap,Labels,Civilist Black Backwards Cap
Labels,Civilist Orange Backwards Cap,Labels,Civilist Orange Backwards Cap
Labels,Civilist White Backwards Cap,Labels,Civilist White Backwards Cap
Canvas Hats,Hawaiian Snow Spotted Canvas Hat,Pork Pie,Green Pork Pie Hat
Canvas Hats,Caca Pink Canvas Hat,Pork Pie,Tan Pork Pie Hat
Canvas Hats,Hawaiian Snow Yellow Canvas Hat,Pork Pie,Ushero Purple Pork Pie Hat
Canvas Hats,Tan Canvas Hat,Pork Pie,Zorse Gray Pork Pie Hat
Arena Wars Hats,Black Hotdogs Forward Cap,Retro Spacesuit,Black & Orange Retro Spacesuit Helmet
Arena Wars Hats,Black Pisswasser Forward Cap,Retro Spacesuit,Black Retro Spacesuit Helmet
Arena Wars Hats,Blue Cluckin' Bell Forward Cap,Retro Spacesuit,Blue Retro Spacesuit Helmet
Arena Wars Hats,Burger Shot Bullseye Forward Cap,Retro Spacesuit,Brown Retro Spacesuit Helmet
Arena Wars Hats,Yellow Cluckin' Bell Forward Cap,Retro Spacesuit,Crowex Retro Spacesuit Helmet
Arena Wars Hats,White Taco Bomb Forward Cap,Retro Spacesuit,Gray Retro Spacesuit Helmet
Arena Wars Hats,Purple Hotdogs Forward Cap,Retro Spacesuit,Green Retro Spacesuit Helmet
Arena Wars Hats,Taco Bomb Forward Cap,Retro Spacesuit,Red & Orange Retro Spacesuit Helmet
Arena Wars Hats,Burger Shots Burgers Forward Cap,Retro Spacesuit,Red Retro Spacesuit Helmet
Arena Wars Hats,White Pisswasser Forward Cap,Retro Spacesuit,Santo Caprio Retro Spacesuit Helmet
Arena Wars Hats,Lucky Plucker White Pattern Forward Cap,Retro Spacesuit,Sessanta Nova Retro Spacesuit Helmet
Arena Wars Hats,Burger Shot Logo Forward Cap,Retro Spacesuit,Teal Retro Spacesuit Helmet
Arena Wars Hats,Cluckin' Bell Logos Forward Cap,Retro Spacesuit,White & Blue Retro Spacesuit Helmet
Arena Wars Hats,Burger Shot Fries Forward Cap,Retro Spacesuit,Yellow Retro Spacesuit Helmet
Riot Helmets,Crosshatch Shielded Riot Helmet (visor down),Riot Helmets,Green Adversary Colored Riot Helmet
Riot Helmets,No Master Shielded Riot Helmet (visor down),Riot Helmets,Orange Adversary Colored Flight Helmet
Riot Helmets,Moss Digital Shielded Riot Helmet (visor down),Riot Helmets,Pink Adversary Colored Riot Helmet
Riot Helmets,Police Shielded Riot Helmet (visor down),Riot Helmets,Purple Adversary Colored Flight Helmet
Beanies,White Saggy Beanie,Trilbies,Black Trilby
Beanies,Red Striped Saggy Beanie,Trilbies,Cream Trilby
Beanies,Purple Saggy Beanie,Trilbies,Gray Trilby
Beanies,Gray Striped Saggy Beanie,Trilbies,Red Trilby
Beanies,Fuschia Saggy Beanie,Trilbies,White Trilby
Trilbies,Ash Bowler Hat,Trilbies,Ash Bowler Hat
Trilbies,Ash Top Hat,Trilbies,Ash Top Hat
Trilbies,Black Bowler Hat,Trilbies,Black Bowler Hat
Trilbies,Black Top Hat,Trilbies,Black Top Hat
Trilbies,Blue Bowler Hat,Trilbies,Blue Bowler Hat
Trilbies,Blue Top Hot,Trilbies,Blue Top Hot
Trilbies,Brown Bowler Hat,Trilbies,Brown Bowler Hat
Trilbies,Brown Top Hat,Trilbies,Brown Top Hat
Trilbies,Cream Bowler Hat,Trilbies,Cream Bowler Hat
Trilbies,Cream Top Hat,Trilbies,Cream Top Hat
Trilbies,Gray Bowler Hat,Trilbies,Gray Bowler Hat
Trilbies,Gray Top Hat,Trilbies,Gray Top Hat
Trilbies,Light Gray Bowler Hat,Trilbies,Light Gray Bowler Hat
Trilbies,Light Gray Top Hat,Trilbies,Light Gray Top Hat
Trilbies,Lobster Bowler Hat,Trilbies,Lobster Bowler Hat
Trilbies,Lobster Top Hat,Trilbies,Lobster Top Hat
Trilbies,Navy Bowler Hat,Trilbies,Navy Bowler Hat
Trilbies,Navy Top Hat,Trilbies,Navy Top Hat
Trilbies,Olive Bowler Hat,Trilbies,Olive Bowler Hat
Trilbies,Olive Top Hat,Trilbies,Olive Top Hat
Trilbies,Purple Bowler Hat,Trilbies,Purple Bowler Hat
Trilbies,Purple Top Hat,Trilbies,Purple Top Hat
Trilbies,Silver Bowler Hat,Trilbies,Silver Bowler Hat
Trilbies,Silver Top Hat,Trilbies,Silver Top Hat
Trilbies,Vintage Bowler Hat,Trilbies,Vintage Bowler Hat
Trilbies,Vintage Top Hat,Trilbies,Vintage Top Hat
Trilbies,White Bowler Hat,Trilbies,White Bowler Hat
Trilbies,White Top Hat,Trilbies,White Top Hat
Straw Hats,Beige Sun Hat,Festive Hats - Blacklisted,Red Santa Hat
Straw Hats,Cream Sun Hat,Festive Hats - Blacklisted,Green Santa Hat
Straw Hats,Navy Sun Hat,Unknown Components,Unknown Components
Straw Hats,Two-Tone Sun Hat,Unknown Components,Unknown Components
Straw Hats,Dark Brown Sun Hat,Unknown Components,Unknown Components
Straw Hats,MyMy Passion Sun Hat,Unknown Components,Unknown Components
Straw Hats,MyMy Wild Sun Hat,Unknown Components,Unknown Components
Festive Hats - Blacklisted,Red Santa Hat,Festive Hats - Blacklisted,Elf Hat
Festive Hats - Blacklisted,Green Santa Hat,Unknown Components,Unknown Components
Festive Hats - Blacklisted,Elf Hat,Festive Hats - Blacklisted,Reindeer Antlers
Festive Hats - Blacklisted,Reindeer Antlers,Fedoras,Navy Suit Fedora
Unknown Components,Unknown Components,Fedoras,Charcoal Suit Fedora
Unknown Components,Unknown Components,Fedoras,Brown Suit Fedora
Festive Hats - Blacklisted Unless Unlocked,USA Bucket Hat,Fedoras,Red Fedora
Unknown Components,Unknown Components,Fedoras,Pink Fedora
Festive Hats - Blacklisted Unless Unlocked,USA Top Hat,Festive Hats - Blacklisted Unless Unlocked,USA Bucket Hat
Festive Hats - Blacklisted Unless Unlocked,Red Top Foam Hat,Festive Hats - Blacklisted Unless Unlocked,USA Top Hat
Festive Hats - Blacklisted Unless Unlocked,Blue Top Foam Hat,Unknown Components,Unknown Components
Festive Hats - Blacklisted Unless Unlocked,Patriotic Beanie,Festive Hats - Blacklisted Unless Unlocked,Red Top Foam Hat
Unknown Components,Unknown Components,Festive Hats - Blacklisted Unless Unlocked,Blue Top Foam Hat
Festive Hats - Blacklisted Unless Unlocked,USA Crown,Festive Hats - Blacklisted Unless Unlocked,Patriotic Beanie
Festive Hats - Blacklisted Unless Unlocked,USA Boppers,Festive Hats - Blacklisted Unless Unlocked,USA Crown
Festive Hats - Blacklisted Unless Unlocked,Pisswasser Beer Hat,Festive Hats - Blacklisted Unless Unlocked,USA Boppers
Festive Hats - Blacklisted Unless Unlocked,Benedict Beer Hat,Unknown Components,Unknown Components
Festive Hats - Blacklisted Unless Unlocked,J Lager Beer Hat,Unknown Components,Unknown Components
Festive Hats - Blacklisted Unless Unlocked,Patriot Beer Hat,Unknown Components,Unknown Components
Festive Hats - Blacklisted Unless Unlocked,Blarneys Beer Hat,Unknown Components,Unknown Components
Festive Hats - Blacklisted Unless Unlocked,Supa Wet Beer Hat,Unknown Components,Unknown Components
Flight Helmets,Flight Helmet,Festive Hats - Blacklisted Unless Unlocked,Pisswasser Beer Hat
Unknown Components,Unknown Components,Festive Hats - Blacklisted Unless Unlocked,Benedict Beer Hat
Unknown Components,Unknown Components,Festive Hats - Blacklisted Unless Unlocked,J Lager Beer Hat
Unknown Components,Unknown Components,Festive Hats - Blacklisted Unless Unlocked,Patriot Beer Hat
Unknown Components,Unknown Components,Festive Hats - Blacklisted Unless Unlocked,Blarneys Beer Hat
Unknown Components,Unknown Components,Festive Hats - Blacklisted Unless Unlocked,Supa Wet Beer Hat
Festive Hats - Blacklisted,Classic Tree Festive Hat,Bulletproof Helmet,Black Bulletproof Helmet
Festive Hats - Blacklisted,Purple Tree Festive Hat,Bulletproof Helmet,Gray Bulletproof Helmet
Festive Hats - Blacklisted,Holly Tree Festive Hat,Bulletproof Helmet,Charcoal Bulletproof Helmet
Festive Hats - Blacklisted,Red Stripy Tree Festive Hat,Bulletproof Helmet,Tan Bulletproof Helmet
Festive Hats - Blacklisted,Green Stripy Tree Festive Hat,Bulletproof Helmet,Forest Bulletproof Helmet
Festive Hats - Blacklisted,Star Tree Festive Hat,Unknown Components,Unknown Components
Festive Hats - Blacklisted,Santa Tree Festive Hat,Unknown Components,Unknown Components
Festive Hats - Blacklisted,Elf Tree Festive Hat,Unknown Components,Unknown Components
Festive Hats - Blacklisted,Pudding Woolly Knit,Festive Hats - Blacklisted,Classic Tree Festive Hat
Unknown Components,Unknown Components,Festive Hats - Blacklisted,Purple Tree Festive Hat
Unknown Components,Unknown Components,Festive Hats - Blacklisted,Holly Tree Festive Hat
Unknown Components,Unknown Components,Festive Hats - Blacklisted,Red Stripy Tree Festive Hat
Unknown Components,Unknown Components,Festive Hats - Blacklisted,Green Stripy Tree Festive Hat
Unknown Components,Unknown Components,Festive Hats - Blacklisted,Star Tree Festive Hat
Unknown Components,Unknown Components,Festive Hats - Blacklisted,Santa Tree Festive Hat
Unknown Components,Unknown Components,Festive Hats - Blacklisted,Elf Tree Festive Hat
Festive Hats - Blacklisted,Cheeky Elf Woolly Trail,Festive Hats - Blacklisted,Pudding Woolly Knit
Festive Hats - Blacklisted,Naughty Elf Woolly Trail,Unknown Components,Unknown Components
Festive Hats - Blacklisted,Happy Elf Elf Woolly Trail,Unknown Components,Unknown Components
Festive Hats - Blacklisted,Silly Elf Woolly Trail,Unknown Components,Unknown Components
Festive Hats - Blacklisted,Clan Tartan Bobble,Festive Hats - Blacklisted,Cheeky Elf Woolly Trail
Festive Hats - Blacklisted,Highland Tartan Bobble,Festive Hats - Blacklisted,Naughty Elf Woolly Trail
Festive Hats - Blacklisted,Chieftain Tartan Bobble,Festive Hats - Blacklisted,Happy Elf Elf Woolly Trail
Festive Hats - Blacklisted,Heritage Tartan Bobble,Festive Hats - Blacklisted,Silly Elf Woolly Trail
Festive Hats - Blacklisted,Naughty Forward Cap,Festive Hats - Blacklisted,Clan Tartan Bobble
Festive Hats - Blacklisted,Black Ho Ho Ho Forward Cap,Festive Hats - Blacklisted,Highland Tartan Bobble
Festive Hats - Blacklisted,Blue Snowflake Forward Cap,Festive Hats - Blacklisted,Chieftain Tartan Bobble
Festive Hats - Blacklisted,Nice Forward Cap,Festive Hats - Blacklisted,Heritage Tartan Bobble
Festive Hats - Blacklisted,Green Ho Ho Ho Forward Cap,Unknown Components,Unknown Components
Festive Hats - Blacklisted,Red Snowflake Forward Cap,Unknown Components,Unknown Components
Festive Hats - Blacklisted,Gingerbread Forward Cap,Unknown Components,Unknown Components
Festive Hats - Blacklisted,Bah Humbug Forward Cap,Unknown Components,Unknown Components
Festive Hats - Blacklisted,Naughty Backward Cap,Festive Hats - Blacklisted,Naughty Forward Cap
Festive Hats - Blacklisted,Black Ho Ho Ho Backward Cap,Festive Hats - Blacklisted,Black Ho Ho Ho Forward Cap
Festive Hats - Blacklisted,Blue Snowflake Backward Cap,Festive Hats - Blacklisted,Blue Snowflake Forward Cap
Festive Hats - Blacklisted,Nice Backward Cap,Festive Hats - Blacklisted,Nice Forward Cap
Festive Hats - Blacklisted,Green Ho Ho Ho Backward Cap,Festive Hats - Blacklisted,Green Ho Ho Ho Forward Cap
Festive Hats - Blacklisted,Red Snowflake Backward Cap,Festive Hats - Blacklisted,Red Snowflake Forward Cap
Festive Hats - Blacklisted,Gingerbread Backward Cap,Festive Hats - Blacklisted,Gingerbread Forward Cap
Festive Hats - Blacklisted,Bah Humbug Backward Cap,Festive Hats - Blacklisted,Bah Humbug Forward Cap
Job Hats - Blacklisted,Cop Hat,Festive Hats - Blacklisted,Naughty Backward Cap
Unknown Components,Unknown Components,Festive Hats - Blacklisted,Black Ho Ho Ho Backward Cap
Unknown Components,Unknown Components,Festive Hats - Blacklisted,Blue Snowflake Backward Cap
Unknown Components,Unknown Components,Festive Hats - Blacklisted,Nice Backward Cap
Unknown Components,Unknown Components,Festive Hats - Blacklisted,Green Ho Ho Ho Backward Cap
Unknown Components,Unknown Components,Festive Hats - Blacklisted,Red Snowflake Backward Cap
Unknown Components,Unknown Components,Festive Hats - Blacklisted,Gingerbread Backward Cap
Unknown Components,Unknown Components,Festive Hats - Blacklisted,Bah Humbug Backward Cap
Festive Hats - Blacklisted,Glow Classic Tree Hat,"Caps, Forward",Black Bigness Forward Cap
Festive Hats - Blacklisted,Glow Purple Tree Hat,"Caps, Forward",Red Bigness Bigness Forward Cap
Festive Hats - Blacklisted,Glow Holly Tree Hat,"Caps, Forward",Orange Camo Sand Castle Forward Cap
Festive Hats - Blacklisted,Glow Star Tree Hat,"Caps, Forward",Purple Guffy Bigness Forward Cap
Unknown Components,Unknown Components,"Caps, Forward",Off-White Bigness Forward Cap
Unknown Components,Unknown Components,"Caps, Forward",Bold Abstract Bigness Forward Cap
Unknown Components,Unknown Components,"Caps, Forward",Gray Abstract Bigness Forward Cap
Unknown Components,Unknown Components,"Caps, Forward",Pale Abstract Bigness Forward Cap
Unknown Components,Unknown Components,"Caps, Forward",Primary Squash Forward Cap
Unknown Components,Unknown Components,"Caps, Forward",Spots Squash Forward Cap
Unknown Components,Unknown Components,"Caps, Forward",Banana Squash Forward Cap
Unknown Components,Unknown Components,"Caps, Forward",Splat Squash Forward Cap
Unknown Components,Unknown Components,"Caps, Forward",OJ Squash Forward Cap
Unknown Components,Unknown Components,"Caps, Forward",Multicolor Leaves Guffy Forward Cap
Unknown Components,Unknown Components,"Caps, Forward",Red Guffy Forward Cap
Unknown Components,Unknown Components,"Caps, Forward",White Painted Guffy Forward Cap
Festive Hats - Blacklisted,Glow Pudding Woolly Knit Hat,Festive Hats - Blacklisted,Glow Classic Tree Hat
Unknown Components,Unknown Components,Festive Hats - Blacklisted,Glow Purple Tree Hat
Unknown Components,Unknown Components,Festive Hats - Blacklisted,Glow Holly Tree Hat
Unknown Components,Unknown Components,Festive Hats - Blacklisted,Glow Star Tree Hat
Festive Hats - Blacklisted,Glow Cheeky Elf Woolly Trail Hat,Festive Hats - Blacklisted,Glow Pudding Woolly Knit Hat
Festive Hats - Blacklisted,Glow Elf Hat,Festive Hats - Blacklisted,Glow Cheeky Elf Woolly Trail Hat
Festive Hats - Blacklisted,Glow Reinder Antlers,Festive Hats - Blacklisted,Glow Elf Hat
Half Forward Caps,Black Adv Half Forward Cap,Festive Hats - Blacklisted,Glow Reinder Antlers
Half Forward Caps,White Adv Half Forward Cap,Unknown Components,Unknown Components
Half Forward Caps,Gray Adv Half Forward Cap,Unknown Components,Unknown Components
Half Forward Caps,Tan Adv Half Forward Cap,Unknown Components,Unknown Components
Half Forward Caps,Blue Adv Half Forward Cap,Unknown Components,Unknown Components
Half Forward Caps,Red Adv Half Forward Cap,Unknown Components,Unknown Components
Half Forward Caps,Pink Adv Half Forward Cap,Unknown Components,Unknown Components
Half Forward Caps,Purple Adv Half Forward Cap,Unknown Components,Unknown Components
Half Forward Caps,Green Adv Half Forward Cap,Unknown Components,Unknown Components
Half Forward Caps,Orange Adv Half Forward Cap,Unknown Components,Unknown Components
